City_ID,City,Lat,Lng,Max Temp,Humidity,Cloudiness,Wind Speed,Country,Date
0,grytviken,-54.2811,-36.5092,276.62,95,64,4.66,GS,1705001557
1,enewetak,11.3474,162.3373,300.14,76,69,10.09,MH,1705001607
2,tual,-5.6667,132.75,302.28,77,93,6.55,ID,1705001621
3,stanley,54.868,-1.6985,277.75,94,75,3.6,GB,1705001523
4,talnakh,69.4865,88.3972,257.71,76,100,3.38,RU,1705001587
5,grand falls-windsor,48.9332,-55.6649,276.21,91,96,0.89,CA,1705002098
6,bilibino,68.0546,166.4372,239.75,93,100,1.2,RU,1705001612
7,ancud,-41.8697,-73.8203,289.71,67,5,3.29,CL,1705001675
8,gaigeturi,33.4644,126.3183,282.18,66,75,3.09,KR,1705002099
9,qaqortoq,60.7167,-46.0333,267.21,94,100,1.98,GL,1705001569
10,villa gesell,-37.2639,-56.973,292.07,57,41,5.35,AR,1705001807
11,saipan,15.1355,145.701,298.54,94,0,2.57,MP,1705001608
12,ushuaia,-54.8,-68.3,284.94,50,0,11.83,AR,1705001584
13,bredasdorp,-34.5322,20.0403,292.89,92,42,2.39,ZA,1705001552
14,colonia,50.9333,6.95,272.19,77,0,2.06,DE,1705001387
15,tofol,5.3248,163.0078,301.0,81,20,10.64,FM,1705001693
16,olonkinbyen,70.9221,-8.7187,273.97,92,100,8.33,SJ,1705001586
17,port-aux-francais,-49.35,70.2167,281.1,94,100,8.83,TF,1705001547
18,tiksi,71.6872,128.8694,236.36,97,67,3.75,RU,1705001570
19,adamstown,-25.066,-130.1015,297.49,81,87,7.18,PN,1705001555
20,port mathurin,-19.6833,63.4167,301.19,77,100,2.96,MU,1705001572
21,hadibu,12.65,54.0333,297.24,78,87,4.59,YE,1705001580
22,afaahiti,-17.75,-149.2833,300.08,79,100,7.41,PF,1705001594
23,avarua,-21.2078,-159.775,299.18,73,60,6.69,CK,1705001496
24,waitangi,-43.9535,-176.5597,291.38,92,56,2.68,NZ,1705001558
25,college,64.8569,-147.8028,252.14,68,20,2.06,US,1705001554
26,nar'yan-mar,67.6713,53.087,250.43,99,99,3.13,RU,1705001670
27,punta cana,18.5818,-68.4043,300.82,68,6,2.97,DO,1705001905
28,badger,64.8,-147.5333,252.1,74,20,2.06,US,1705001599
29,hailar,49.2,119.7,238.43,100,79,0.56,CN,1705001669
30,margaret river,-33.95,115.0667,288.79,78,99,6.16,AU,1705001568
31,sarupathar,26.1984,93.8094,285.83,78,0,0.62,IN,1705002105
32,ribeira grande,38.5167,-28.7,289.37,82,75,20.06,PT,1705001605
33,howard springs,-12.497,131.047,299.1,95,100,2.63,AU,1705001666
34,saldanha,-33.0117,17.9442,291.18,98,98,5.17,ZA,1705002106
35,st. john's,47.5649,-52.7093,276.3,96,100,6.69,CA,1705001306
36,menongue,-14.6585,17.691,290.25,88,74,2.4,AO,1705002111
37,bethel,41.3712,-73.414,280.63,57,100,5.14,US,1705001277
38,hermanus,-34.4187,19.2345,294.58,80,92,3.34,ZA,1705001575
39,masjed soleyman,31.9364,49.3039,289.44,43,100,1.88,IR,1705002112
40,blackmans bay,-43.0167,147.3167,289.22,92,36,1.88,AU,1705001554
41,gumla,23.05,84.55,284.64,48,0,2.28,IN,1705002112
42,sotnikovskoye,45.0039,43.7772,273.51,75,100,3.92,RU,1705002112
43,parauapebas,-6.0675,-49.9022,299.14,94,100,1.54,BR,1705002112
44,yellowknife,62.456,-114.3525,231.44,60,40,2.06,CA,1705001566
45,cabo san lucas,22.8909,-109.9124,297.93,46,40,6.69,MX,1705001535
46,oamaru,-45.0784,170.9801,289.47,91,60,3.31,NZ,1705002113
47,cheney,47.4874,-117.5758,270.58,74,75,5.66,US,1705001825
48,edinburgh of the seven seas,-37.0676,-12.3116,291.25,82,3,3.67,SH,1705001558
49,kapa'a,22.0752,-159.319,295.43,69,0,7.2,US,1705001638
50,guerrero negro,27.9769,-114.0611,289.93,58,95,11.75,MX,1705001342
51,mata-utu,-13.2816,-176.1745,302.39,75,99,4.56,WF,1705002114
52,nizhneangarsk,55.7833,109.55,249.82,86,33,2.24,RU,1705002114
53,pak phanang,8.3511,100.202,298.94,83,84,3.12,TH,1705002115
54,tolanaro,-25.0319,46.9987,300.19,83,20,9.77,MG,1705001671
55,baringo,0.4667,35.9667,297.16,59,100,2.25,KE,1705002115
56,ambodifotatra,-16.9833,49.85,301.25,76,100,4.17,MG,1705002115
57,pandan,14.0453,124.1694,298.15,82,100,8.76,PH,1705002116
58,kiunga,-6.1219,141.2906,296.73,100,99,0.75,PG,1705002116
59,isafjordur,66.0755,-23.124,277.22,95,100,2.41,IS,1705001594
60,greenville,35.6127,-77.3663,288.23,46,0,3.6,US,1705001683
61,boende,-0.2167,20.8667,297.18,61,34,1.33,CD,1705002116
62,soe,-9.8607,124.284,292.62,84,93,1.81,ID,1705001665
63,yeraliyev,43.2,51.65,276.98,71,96,4.71,KZ,1705002117
64,ilulissat,69.2167,-51.1,266.16,79,75,2.57,GL,1705001629
65,dudinka,69.4058,86.1778,257.94,91,100,4.47,RU,1705001686
66,chonchi,-42.6128,-73.8092,292.71,52,34,0.97,CL,1705001673
67,papatowai,-46.5619,169.4708,288.52,67,68,6.61,NZ,1705001574
68,kingston,17.997,-76.7936,305.51,65,45,2.24,JM,1705001323
69,nova sintra,14.8667,-24.7167,293.7,68,100,5.57,CV,1705001661
70,sidi bennour,32.6524,-8.4277,288.43,64,86,1.22,MA,1705002119
71,mananjary,-21.2167,48.3333,298.42,87,21,3.35,MG,1705002120
72,sao vicente,-23.9631,-46.3919,309.25,53,0,4.12,BR,1705001657
73,anadyr,64.75,177.4833,259.43,92,100,9.0,RU,1705001594
74,albany,42.6001,-73.9662,278.28,69,98,0.45,US,1705001506
75,pacific grove,36.6177,-121.9166,285.61,53,0,4.02,US,1705001606
76,trevelin,-43.0858,-71.4639,297.81,28,2,4.46,AR,1705002121
77,puerto natales,-51.7236,-72.4875,290.4,51,75,9.26,CL,1705001567
78,taupo,-38.6833,176.0833,290.09,70,99,1.93,NZ,1705002122
79,east london,-33.0153,27.9116,295.77,90,100,6.63,ZA,1705001641
80,kuanda,56.3161,116.0806,243.54,98,96,0.7,RU,1705002122
81,burutu,5.3509,5.5076,301.64,76,91,4.34,NG,1705002122
82,belogorsk,50.9158,128.4611,244.46,99,100,1.41,RU,1705002128
83,longyearbyen,78.2186,15.6401,258.06,66,0,7.2,SJ,1705001582
84,udachny,66.4167,112.4,233.78,100,73,1.92,RU,1705001574
85,fale old settlement,-9.3852,-171.2468,302.34,74,100,5.34,TK,1705001610
86,kidal,18.4411,1.4078,297.51,11,100,4.01,ML,1705002129
87,san antonio de pale,-1.4014,5.6325,300.26,75,60,4.28,GQ,1705001656
88,vila velha,-20.3297,-40.2925,303.12,71,20,8.75,BR,1705001718
89,bangassou,4.7413,22.8184,296.59,30,11,1.09,CF,1705002130
90,island harbour,50.724,-1.2758,278.67,85,99,2.68,GB,1705001555
91,newman,37.3138,-121.0208,283.74,46,5,5.36,US,1705002130
92,qamdo,31.1667,97.2333,263.28,24,0,0.87,CN,1705002131
93,peace river,56.2501,-117.286,240.32,62,75,3.09,CA,1705002131
94,miami,25.7743,-80.1937,294.15,85,100,4.12,US,1705001509
95,port elizabeth,-33.918,25.5701,295.43,93,20,4.12,ZA,1705001575
96,atafu village,-8.5421,-172.5159,301.95,77,100,5.15,TK,1705001571
97,monte alegre,-2.0078,-54.0692,304.2,56,80,2.17,BR,1705002122
98,karratha,-20.7377,116.8463,302.85,44,52,8.33,AU,1705001984
99,jamestown,42.097,-79.2353,275.92,96,100,4.63,US,1705001388
100,whitehorse,60.7161,-135.0538,237.76,63,20,0.0,CA,1705001606
101,kapuskasing,49.4169,-82.4331,257.2,72,100,3.09,CA,1705001562
102,mae hong son,19.3003,97.9685,289.41,58,2,0.57,TH,1705002133
103,amalapuram,16.5833,82.0167,294.0,91,30,1.49,IN,1705002134
104,lihue,21.9789,-159.3672,295.02,68,0,7.2,US,1705001612
105,fort mcmurray,56.7268,-111.381,237.92,68,100,3.6,CA,1705001573
106,utrik,11.2278,169.8474,299.65,80,28,10.76,MH,1705001575
107,lagunas,-5.2269,-75.6753,301.95,65,100,1.79,PE,1705001605
108,takayama,36.1333,137.25,270.2,76,64,0.86,JP,1705002135
109,port blair,11.6667,92.75,299.17,83,40,2.06,IN,1705001704
110,brisas de zicatela,15.8369,-97.0419,296.44,100,0,4.12,MX,1705002136
111,spring creek,40.7266,-115.5859,266.98,72,73,1.79,US,1705002136
112,rio grande,-32.035,-52.0986,300.21,73,100,7.53,BR,1705001358
113,saint-pierre,-21.3393,55.4781,298.97,69,0,4.63,RE,1705001679
114,flying fish cove,-10.4217,105.6791,297.97,94,97,0.0,CX,1705001571
115,salalah,17.0151,54.0924,298.2,65,75,2.57,OM,1705001664
116,butembo,0.15,29.2833,289.78,77,100,1.43,CD,1705002137
117,djelfa,34.6728,3.263,278.78,85,36,4.93,DZ,1705002137
118,topeka,39.0483,-95.678,275.94,83,0,5.14,US,1705002138
119,west island,-12.1568,96.8225,300.14,94,40,2.57,CC,1705001597
120,sao joao da barra,-21.6403,-41.0511,303.2,78,63,9.85,BR,1705002138
121,santo antonio do ica,-3.1022,-67.9397,300.37,92,90,0.72,BR,1705002139
122,eyl,7.9803,49.8164,297.55,81,46,8.2,SO,1705001565
123,praia da vitoria,38.7333,-27.0667,289.68,82,40,12.93,PT,1705001714
124,walvis bay,-22.9575,14.5053,290.98,82,72,3.09,NA,1705001618
125,kharp,66.8014,65.8081,252.78,85,100,4.89,RU,1705002140
126,biloela,-24.4167,150.5,294.6,82,7,6.0,AU,1705002140
127,lochbuie,40.0072,-104.7161,270.58,58,100,6.17,US,1705002141
128,taltal,-25.4,-70.4833,295.44,69,27,4.27,CL,1705002141
129,quellon,-43.1167,-73.6167,289.23,65,10,5.17,CL,1705001649
130,la passe,45.5549,-0.8967,276.49,79,0,5.25,FR,1705001608
131,masterton,-40.9597,175.6575,292.53,61,7,1.74,NZ,1705001697
132,hamilton,39.1834,-84.5333,282.54,63,40,6.69,US,1705001564
133,buka,40.8108,69.1986,278.33,79,98,1.63,UZ,1705001651
134,konarka,19.9,86.1167,293.37,72,0,2.66,IN,1705002143
135,wailua homesteads,22.0669,-159.378,294.68,70,0,7.2,US,1705001595
136,san patricio,28.017,-97.5169,297.2,57,10,7.88,US,1705001669
137,verkhnyaya pyshma,56.9667,60.5808,255.12,80,100,4.3,RU,1705002067
138,playa del ingles,27.7567,-15.5787,295.04,37,0,0.83,ES,1705001890
139,payerne,46.822,6.9361,272.55,92,100,4.63,CH,1705002144
140,georgetown,5.4112,100.3354,301.11,84,20,4.63,MY,1705001421
141,saint-affrique,43.9558,2.8892,275.81,99,100,1.38,FR,1705002145
142,nangong,37.3581,115.3744,270.52,88,1,1.91,CN,1705002146
143,bulungu,-4.55,18.6,295.8,92,99,1.25,CD,1705002147
144,inarajan village,13.2736,144.7484,299.23,94,100,5.59,GU,1705001706
145,kalmunai,7.4167,81.8167,299.07,78,100,4.36,LK,1705001655
146,kerikeri,-35.2268,173.9474,293.66,93,100,1.03,NZ,1705001689
147,belmonte,-15.8631,-38.8828,300.7,67,27,2.99,BR,1705002148
148,faya-largeau,17.9257,19.1043,291.74,11,0,6.22,TD,1705002148
149,malpica,43.3228,-8.8105,278.91,76,25,6.43,ES,1705002148
150,klaksvik,62.2266,-6.589,279.66,80,100,2.42,FO,1705002148
151,sansepolcro,43.5747,12.143,274.87,90,37,2.8,IT,1705002149
152,acajutla,13.5928,-89.8275,302.83,59,10,3.46,SV,1705002149
153,aasiaat,68.7098,-52.8699,256.17,99,96,3.82,GL,1705001566
154,codrington,-38.2667,141.9667,286.2,82,37,3.76,AU,1705002149
155,fort bragg,35.139,-79.006,289.21,42,0,4.12,US,1705001611
156,tazovsky,67.4667,78.7,247.12,91,27,5.87,RU,1705001579
157,embi,48.8264,58.1442,258.19,87,100,6.16,KZ,1705002150
158,acapulco de juarez,16.8634,-99.8901,303.05,62,40,4.63,MX,1705002140
159,invercargill,-46.4,168.35,289.27,74,94,5.36,NZ,1705001563
160,okahao,-17.885,15.0667,296.53,62,100,7.09,NA,1705002151
161,amherst,41.3978,-82.2224,276.71,76,100,9.26,US,1705002151
162,itoman,26.1247,127.6694,289.16,55,75,4.12,JP,1705002151
163,lompoc,34.6391,-120.4579,288.03,51,0,7.72,US,1705002152
164,homun,20.7333,-89.2833,305.13,40,100,3.11,MX,1705002152
165,pindushi,62.9152,34.58,261.42,85,32,5.38,RU,1705002152
166,muravlenko,63.7898,74.523,250.66,94,100,9.29,RU,1705002152
167,sinabang,2.4803,96.3801,299.71,81,100,0.14,ID,1705001693
168,tingi,-11.3,35.0333,291.57,94,100,1.15,TZ,1705002153
169,cold lake,54.4502,-110.2017,242.12,62,20,3.6,CA,1705002153
170,harper,4.375,-7.7169,299.99,82,44,2.82,LR,1705002153
171,shambu,9.5667,37.1,285.84,39,56,0.53,ET,1705002153
172,touros,-5.1989,-35.4608,301.22,64,0,5.93,BR,1705001561
173,haiku-pauwela,20.9219,-156.3051,297.62,70,40,7.72,US,1705001585
174,laibin,23.7,109.2667,287.23,93,100,1.7,CN,1705002154
175,wau,7.7029,27.9953,300.17,30,62,2.22,SS,1705002154
176,kodiak,57.79,-152.4072,276.88,93,100,12.35,US,1705001321
177,dolores,-36.3132,-57.6792,297.24,37,5,3.87,AR,1705002155
178,vanimo,-2.6741,141.3028,299.05,90,100,1.33,PG,1705002155
179,fada,9.5667,8.3,294.28,10,28,2.72,NG,1705001579
180,ust-nera,64.5667,143.2,236.4,98,100,1.72,RU,1705001656
181,constantia,44.1833,28.65,271.53,58,4,7.51,RO,1705001688
182,sinan,34.8262,126.1086,278.21,69,100,6.89,KR,1705002156
183,nishinoomote,30.7333,131.0,287.63,59,5,10.29,JP,1705001612
184,san francisco,37.7749,-122.4194,285.83,54,20,2.57,US,1705001982
185,bubaque,11.2833,-15.8333,299.55,66,37,6.46,GW,1705001572
186,hithadhoo,-0.6,73.0833,301.67,75,100,6.0,MV,1705001578
187,bekalta,35.6174,10.9947,284.16,55,27,1.75,TN,1705002157
188,port saint john's,-31.6229,29.5448,296.35,91,56,3.53,ZA,1705001582
189,port lincoln,-34.7333,135.8667,292.2,75,0,2.99,AU,1705002158
190,taguatinga,-12.3857,-46.5711,303.76,57,100,2.1,BR,1705002158
191,katsuura,35.1333,140.3,283.05,65,0,5.9,JP,1705002158
192,iskateley,67.6803,53.1512,250.38,99,100,3.13,RU,1705001353
193,thompson,55.7435,-97.8558,247.24,70,75,1.54,CA,1705002159
194,uturoa,-16.7333,-151.4333,301.03,74,100,4.46,PF,1705001611
195,hawaiian paradise park,19.5933,-154.9731,298.65,90,20,1.54,US,1705001567
196,levanger,63.7464,11.2996,277.18,95,100,7.74,NO,1705002159
197,iqaluit,63.7506,-68.5145,254.09,77,100,1.54,CA,1705001562
198,bandarbeyla,9.4942,50.8122,298.24,76,41,7.59,SO,1705001658
199,kruisfontein,-34.0033,24.7314,294.2,97,29,1.86,ZA,1705001669
200,bovalino,38.149,16.174,285.56,89,100,3.2,IT,1705002160
201,porto novo,6.4965,2.6036,302.05,77,11,3.68,BJ,1705002160
202,gadzhiyevo,69.2551,33.3362,266.81,75,100,2.32,RU,1705001564
203,polyarnyy,69.1989,33.4478,267.22,75,100,2.31,RU,1705001651
204,myeik,12.4333,98.6,297.63,77,100,1.52,MM,1705002161
205,iwanai,42.9744,140.5089,274.48,89,100,4.38,JP,1705002161
206,rio san juan,19.6439,-70.0763,303.79,77,6,6.68,DO,1705001731
207,majene,-3.5403,118.9707,299.69,80,100,3.5,ID,1705002162
208,puerto aysen,-45.4,-72.7,288.44,83,99,1.34,CL,1705001453
209,marat,25.0701,45.4615,291.04,18,4,2.51,SA,1705002162
210,kokpekty,48.75,82.4,262.4,77,47,6.16,KZ,1705001907
211,cururupu,-1.8283,-44.8683,302.16,67,100,2.42,BR,1705002163
212,puerto madryn,-42.7692,-65.0385,295.77,33,0,9.31,AR,1705002046
213,leh,34.1667,77.5833,268.01,30,95,0.43,IN,1705002163
214,gamba,-2.65,10.0,298.59,84,81,1.27,GA,1705001613
215,twin falls,42.3505,-114.6445,270.34,59,75,7.2,US,1705002164
216,itupiranga,-5.1347,-49.3267,299.33,91,100,0.74,BR,1705002169
217,usinsk,65.9939,57.5281,250.41,97,100,8.05,RU,1705001655
218,lebu,-37.6167,-73.65,289.46,73,0,7.36,CL,1705001573
219,korla,41.7597,86.1469,270.26,62,83,1.44,CN,1705001664
220,klyuchi,52.2667,79.1667,255.0,85,92,6.88,RU,1705002170
221,minot,48.2325,-101.2963,254.27,65,40,8.23,US,1705001940
222,tamiahua,21.2667,-97.45,298.8,62,98,1.99,MX,1705001663
223,suya,9.4667,3.1833,300.26,10,84,1.86,NG,1705002171
224,xifeng,42.7372,124.7222,256.99,97,35,1.78,CN,1705002171
225,tweed heads,-28.1817,153.547,296.46,80,40,4.12,AU,1705002171
226,beau vallon,-20.4189,57.6953,300.28,83,75,3.09,MU,1705001735
227,strezhevoy,60.7333,77.5889,250.98,88,100,6.81,RU,1705002172
228,tila,17.4,-92.4833,303.53,50,43,2.07,MX,1705002172
229,ain sukhna,29.6002,32.3167,288.74,59,79,2.79,EG,1705002173
230,dhuusamarreeb,5.535,46.3861,296.76,67,55,7.12,SO,1705002173
231,port alfred,-33.5906,26.891,294.92,96,80,0.89,ZA,1705001667
232,yima,34.7381,111.8839,278.11,45,0,1.59,CN,1705002174
233,arkhangel'sk,64.5401,40.5433,254.21,84,75,1.0,RU,1705002174
234,coahuayana de hidalgo,18.7,-103.6583,302.65,51,87,3.09,MX,1705001678
235,santa ana,33.7456,-117.8678,290.81,33,20,3.09,US,1705002174
236,happy valley-goose bay,53.3168,-60.3315,272.32,86,100,4.12,CA,1705001412
237,remire-montjoly,4.9167,-52.2667,301.17,83,75,3.6,GF,1705001660
238,kristinestad,62.2743,21.376,265.93,87,100,2.02,FI,1705002175
239,saint-philippe,-21.3585,55.7679,298.92,83,75,5.01,RE,1705002175
240,salanso,12.1833,-4.0833,302.57,11,3,2.37,BF,1705002176
241,delijan,33.9905,50.6838,279.81,58,80,1.23,IR,1705002176
242,kuytun,54.3419,101.5036,253.48,96,87,2.79,RU,1705002176
243,cill airne,52.05,-9.5167,274.65,91,5,1.49,IE,1705002176
244,luderitz,-26.6481,15.1594,291.03,82,0,7.09,NA,1705001693
245,dengzhou,37.8086,120.7508,275.12,62,0,3.72,CN,1705002177
246,bonthe,7.5264,-12.505,300.59,80,59,4.09,SL,1705002177
247,barra de santo antonio,-9.4047,-35.5072,301.75,69,29,4.08,BR,1705002177
248,yurga,55.7231,84.8861,256.91,93,100,5.54,RU,1705002177
249,yurgamysh,55.3714,64.4656,248.62,87,94,5.16,RU,1705002177
250,camabatela,-8.1881,15.375,290.48,98,98,2.26,AO,1705002178
251,lautoka,-17.6167,177.4667,299.07,83,40,1.54,FJ,1705002178
252,szczawnica,49.4244,20.4849,273.21,96,98,2.05,PL,1705002178
253,tangalle,6.024,80.7911,298.05,80,87,6.96,LK,1705001580
254,yuzhno-kurilsk,44.0306,145.8556,272.8,78,100,10.79,RU,1705001667
255,kirchberg,50.6167,12.5333,270.74,92,100,2.12,DE,1705002179
256,kill devil hills,36.0307,-75.676,287.15,58,0,2.06,US,1705002179
257,moires,35.0532,24.8744,283.57,79,51,1.79,GR,1705002179
258,vorozhba,51.1733,34.2192,268.04,91,100,7.17,UA,1705002180
259,wad medani,14.4012,33.5199,299.28,32,3,4.83,SD,1705002180
260,ponta delgada,37.7333,-25.6667,289.55,82,40,8.75,PT,1705002180
261,lago da pedra,-4.3333,-45.1667,300.83,81,100,1.06,BR,1705002180
262,ballina,-28.8667,153.5667,292.47,81,9,4.81,AU,1705002181
263,ust'-ordynskiy,52.805,104.7508,254.16,96,100,2.99,RU,1705002181
264,maputo,-25.9653,32.5892,299.97,89,75,2.27,MZ,1705002181
265,antofagasta,-23.65,-70.4,295.75,68,21,5.13,CL,1705001518
266,alice springs,-23.7,133.8833,296.9,53,19,3.94,AU,1705001733
267,anna regina,7.2644,-58.5077,299.58,83,11,3.59,GY,1705002182
268,fortuna,40.5982,-124.1573,282.03,93,75,3.09,US,1705001665
269,mount gambier,-37.8333,140.7667,286.98,82,7,1.84,AU,1705001697
270,sitka,57.0531,-135.33,266.09,38,0,5.14,US,1705001598
271,idrinskoye,54.3708,92.1358,260.35,96,100,1.54,RU,1705002183
272,carnarvon,-24.8667,113.6333,295.81,79,0,7.96,AU,1705002183
273,northam,51.0333,-4.2167,278.92,82,41,5.65,GB,1705002183
274,mount pearl,47.5166,-52.7813,275.35,96,100,6.69,CA,1705002183
275,safi,32.1667,-8.8333,287.64,44,85,1.45,MA,1705002184
276,sur,22.5667,59.5289,293.44,59,1,1.75,OM,1705002184
277,kirkwall,58.9848,-2.9587,278.18,81,75,1.54,GB,1705002184
278,banswada,18.3833,77.8833,295.76,53,6,1.64,IN,1705002184
279,valparaiso,-33.0393,-71.6273,295.37,64,0,5.66,CL,1705002185
280,zapolyarnyy,69.4154,30.8136,260.75,99,75,1.95,RU,1705002185
281,ulsteinvik,62.3432,5.8487,279.68,89,100,2.24,NO,1705002185
282,susuman,62.7833,148.1667,229.81,100,99,0.45,RU,1705002185
283,shiguai,40.7058,110.2856,262.81,73,28,1.48,CN,1705002185
284,estella-lizarra,42.6718,-2.0323,275.0,85,73,2.41,ES,1705002186
285,carutapera,-1.195,-46.02,301.94,68,94,3.39,BR,1705001719
286,emerald,-23.5333,148.1667,293.9,84,6,3.29,AU,1705001687
287,puerto deseado,-47.7503,-65.8938,287.18,58,98,6.98,AR,1705001989
288,dunedin,-45.8742,170.5036,285.82,91,8,1.79,NZ,1705002187
289,vorgashor,67.5833,63.95,250.49,92,100,7.81,RU,1705001695
290,key west,24.5557,-81.7826,296.15,89,100,5.14,US,1705001851
291,keflavik,64.0049,-22.5624,281.39,100,100,7.2,IS,1705002188
292,quang ngai,15.1167,108.8,294.56,86,100,0.95,VN,1705002188
293,ha'il,27.5219,41.6907,287.16,47,0,1.03,SA,1705002188
294,kununurra,-15.7667,128.7333,299.14,94,100,1.54,AU,1705001694
295,commentry,46.2921,2.7416,270.19,97,5,1.01,FR,1705002189
296,al jawf,29.5,38.75,284.35,42,0,2.8,SA,1705001630
297,soio,-6.1349,12.3689,300.15,80,93,3.79,AO,1705001661
298,talanga,14.4,-87.0833,303.45,33,6,1.72,HN,1705002190
299,gisborne,-38.6533,178.0042,293.92,65,1,2.68,NZ,1705002190
300,lobva,59.1854,60.5185,254.82,87,100,4.01,RU,1705002190
301,boguchany,58.3814,97.4531,256.4,97,100,1.79,RU,1705002191
302,baijiantan,45.6333,85.1833,273.35,67,100,7.85,CN,1705002191
303,istgah-e rah ahan-e garmsar,35.2346,52.3094,284.25,45,100,0.92,IR,1705002191
304,mumford,5.2618,-0.759,301.08,83,45,5.11,GH,1705002191
305,veraval,20.9,70.3667,295.69,46,0,4.93,IN,1705002192
306,new norfolk,-42.7826,147.0587,289.87,82,34,0.96,AU,1705002192
307,rajpipla,21.8667,73.5,295.49,55,5,2.44,IN,1705002192
308,sibolga,1.7427,98.7792,297.14,92,100,1.67,ID,1705002192
309,tha khanon,9.0302,98.9529,296.13,97,43,0.63,TH,1705002193
310,pacaembu,-21.5622,-51.2606,304.12,49,91,0.52,BR,1705002193
311,qui nhon,13.7667,109.2333,295.86,80,100,4.65,VN,1705002193
312,hilo,19.7297,-155.09,298.77,87,20,1.54,US,1705001638
313,vadso,70.0744,29.7487,264.24,79,75,5.66,NO,1705002194
314,huarmey,-10.0681,-78.1522,298.93,71,72,5.45,PE,1705002194
315,rongelap,11.1635,166.8941,299.95,75,81,10.46,MH,1705002194
316,asenovgrad,42.0167,24.8667,274.86,69,1,5.14,BG,1705002194
317,kone,-21.0595,164.8658,299.73,78,27,2.47,NC,1705002195
318,bermejo,-32.8833,-68.8,300.1,44,75,5.66,AR,1705002195
319,chinde,26.8418,88.0763,280.39,67,0,2.04,NP,1705001669
320,nuuk,64.1835,-51.7216,269.49,80,40,6.17,GL,1705002180
321,port douglas,-16.4833,145.4667,298.41,97,100,7.66,AU,1705002196
322,puerto armuelles,8.2833,-82.8667,305.14,80,13,1.34,PA,1705001668
323,shubarkuduk,49.1447,56.4872,259.84,91,100,7.6,KZ,1705002196
324,idri,27.5,13.2667,284.98,20,0,3.23,LY,1705001610
325,marquette,46.5333,-87.6335,268.85,79,100,0.89,US,1705002197
326,sal rei,16.1833,-22.9167,297.26,69,0,4.12,CV,1705002197
327,hagere selam,6.4833,38.5167,284.3,67,39,1.96,ET,1705002197
328,castillos,-34.1667,-53.8333,294.94,57,34,5.38,UY,1705002197
329,ta`u,-14.2336,-169.5144,301.72,72,77,2.66,AS,1705001598
330,puerto ayora,-0.7393,-90.3518,303.13,91,72,3.13,EC,1705002198
331,leninskoye,41.7589,69.3864,273.68,89,10,0.6,KZ,1705002198
332,bac lieu,9.285,105.7244,297.73,78,36,7.88,VN,1705002198
333,hinna,10.3043,11.4991,297.96,13,7,2.7,NG,1705002198
334,krasnozerskoye,53.9828,79.2374,251.24,90,14,6.4,RU,1705002199
335,jumla,29.2747,82.1838,276.23,16,0,2.55,NP,1705002199
336,nabire,-3.3667,135.4833,298.1,91,100,1.33,ID,1705001668
337,hasaki,35.7333,140.8333,271.37,67,22,3.53,JP,1705002199
338,ketchikan,55.3422,-131.6461,265.41,35,0,4.63,US,1705002200
339,sipote,47.4667,27.2167,273.67,84,100,7.46,RO,1705002200
340,punta arenas,-53.15,-70.9167,289.21,48,0,11.32,CL,1705001562
341,ishigaki,24.3448,124.1572,287.22,67,1,3.09,JP,1705002201
342,kristiansund,63.1115,7.732,277.51,87,75,5.14,NO,1705001735
343,gulf shores,30.246,-87.7008,293.18,69,0,4.63,US,1705002201
344,hammerfest,70.6634,23.6821,268.4,80,75,2.06,NO,1705001730
345,xiaoweizhai,26.1903,107.5125,283.29,97,98,0.6,CN,1705001621
346,zouerate,22.7187,-12.4521,296.61,12,40,3.75,MR,1705002202
347,simplicio mendes,-7.8539,-41.9103,302.3,60,100,1.78,BR,1705002202
348,jiangkou,25.4872,119.1986,282.78,72,88,1.84,CN,1705002202
349,moranbah,-22.0016,148.0466,295.03,84,0,6.25,AU,1705002202
350,tromso,69.6496,18.957,272.16,93,100,3.6,NO,1705001698
351,tabas,33.5959,56.9244,281.27,19,89,2.06,IR,1705002203
352,whakatane,-37.9585,176.9854,294.75,70,100,0.76,NZ,1705002203
353,pizarro,4.9533,-77.366,301.02,80,58,3.38,CO,1705002203
354,hobyo,5.3505,48.5268,298.55,84,79,7.67,SO,1705002203
355,toliara,-23.35,43.6667,300.03,81,40,1.31,MG,1705001671
356,leava,-14.3,-178.1667,301.79,80,94,5.04,WF,1705002209
357,enshi,30.3,109.4833,281.44,85,0,0.47,CN,1705002157
358,aykhal,66.0,111.5,240.38,99,93,3.36,RU,1705001703
359,bolobo,-2.1667,16.2333,298.02,75,61,1.33,CD,1705002210
360,tsengel,49.4783,100.8894,259.53,93,100,0.32,MN,1705002210
361,portland,45.5234,-122.6762,279.73,92,100,5.66,US,1705002070
362,salmon arm,50.6998,-119.3024,261.77,34,100,1.54,CA,1705002211
363,turar ryskulov,42.5333,70.3333,271.67,94,95,2.43,KZ,1705002211
364,springbok,-29.6643,17.8865,288.53,69,0,2.37,ZA,1705002211
365,panorama,40.5878,23.0315,276.99,62,20,3.13,GR,1705002211
366,brookings,44.3114,-96.7984,257.29,79,0,5.66,US,1705002211
367,santana,-0.0583,-51.1817,301.68,75,28,2.83,BR,1705002212
368,dehui,44.5333,125.7,253.31,100,86,1.67,CN,1705002212
369,dihok,36.8695,42.994,280.97,88,100,2.52,IQ,1705002212
370,harstad,68.799,16.5293,274.81,97,100,12.96,NO,1705001650
371,cangucu,-31.395,-52.6756,297.71,67,99,5.22,BR,1705002213
372,mobaye,4.319,21.1786,298.62,25,16,1.25,CF,1705002213
373,terre haute,39.4667,-87.4139,278.74,75,75,3.09,US,1705002073
374,lorengau,-2.0226,147.2712,300.93,79,98,2.88,PG,1705001657
375,porto torres,40.835,8.3972,284.25,84,100,7.42,IT,1705002214
376,coquimbo,-29.9533,-71.3436,293.0,68,40,6.69,CL,1705002214
377,selfoss,63.9331,-20.9971,280.95,98,100,7.05,IS,1705002215
378,nemuro,43.3236,145.575,274.42,72,100,10.61,JP,1705002215
379,horta,38.5333,-28.6333,288.16,90,75,19.03,PT,1705002215
380,letlhakeng,-24.0944,25.0298,296.47,74,78,4.23,BW,1705002215
381,sisimiut,66.9395,-53.6735,261.39,79,88,4.07,GL,1705002215
382,conduaga,8.862,117.4893,298.85,87,39,2.66,PH,1705002216
383,igarka,67.4667,86.5833,251.85,92,94,4.8,RU,1705002216
384,kapoeta,4.7717,33.5903,305.07,22,97,1.52,SS,1705002216
385,rio gallegos,-51.6226,-69.2181,293.18,32,40,9.26,AR,1705002084
386,corcoran,36.098,-119.5604,284.03,47,1,3.48,US,1705002217
387,copala,16.65,-98.9833,301.91,64,82,4.04,MX,1705002217
388,victorica,-36.2151,-65.4359,301.82,27,98,8.49,AR,1705002217
389,zinjibar,13.1287,45.3807,297.23,66,7,2.76,YE,1705002217
390,loukhi,66.0764,33.0381,259.6,92,24,2.74,RU,1705002218
391,chibougamau,49.9168,-74.3659,258.94,85,100,4.63,CA,1705002218
392,lemvig,56.5486,8.3102,274.48,95,88,3.69,DK,1705002218
393,priob'ye,62.5206,65.5964,249.83,97,99,3.94,RU,1705002218
394,conde,-7.2597,-34.9075,299.85,83,75,3.6,BR,1705002219
395,hazorasp,41.3194,61.0742,273.06,84,34,2.91,UZ,1705002219
396,weno,7.4515,151.8468,301.12,78,75,3.09,FM,1705001681
397,colares,38.7992,-9.4469,285.24,87,40,3.13,PT,1705001665
398,igrim,63.1906,64.4162,251.81,93,100,3.32,RU,1705002219
399,bochum,51.4833,7.2167,273.68,83,97,0.96,DE,1705002220
400,jwaneng,-24.6004,24.7303,295.07,78,39,4.13,BW,1705002220
401,armacao de buzios,-22.7469,-41.8817,306.18,81,41,10.0,BR,1705002220
402,antonio enes,-16.2325,39.9086,300.7,80,93,3.38,MZ,1705002220
403,vilyuchinsk,52.9306,158.4028,261.44,67,100,3.28,RU,1705002220
404,alesund,62.4723,6.1549,279.68,85,75,3.6,NO,1705001649
405,pangody,65.85,74.4859,247.87,94,81,5.9,RU,1705002221
406,trairi,-3.2778,-39.2689,301.94,65,7,4.92,BR,1705002221
407,puerto baquerizo moreno,-0.9,-89.6,302.7,74,40,7.2,EC,1705001660
408,tuensang,26.2833,94.8333,282.61,91,2,1.32,IN,1705002222
409,tsiombe,-25.3,45.4833,298.4,88,17,3.7,MG,1705002222
410,jaicos,-7.3592,-41.1378,303.63,53,96,2.25,BR,1705002222
411,al hufuf,25.3646,49.5653,288.34,47,0,2.06,SA,1705002222
412,choibalsan,48.0667,114.5,249.15,93,25,2.03,MN,1705002222
413,axim,4.8699,-2.2405,300.59,81,81,4.2,GH,1705002223
414,ariquemes,-9.9133,-63.0408,297.92,95,99,1.13,BR,1705002223
415,andergrove,-21.0833,149.1833,296.84,72,55,7.28,AU,1705002223
416,seydi,39.4816,62.9137,276.09,54,99,3.72,TM,1705002223
417,namdrik,5.5994,168.1028,300.98,76,8,10.52,MH,1705002224
418,aransas pass,27.9095,-97.15,297.15,85,40,6.26,US,1705002212
419,timimoun,29.2639,0.231,288.36,14,0,0.0,DZ,1705002224
420,fomboni,-12.28,43.7425,299.72,81,100,3.01,KM,1705002224
421,pereslavl'-zalesskiy,56.7393,38.8563,258.94,87,100,7.96,RU,1705002224
422,mitchell,43.7094,-98.0298,258.0,66,100,5.66,US,1705002225
423,mandera,3.9366,41.867,301.84,29,11,3.39,KE,1705002225
424,kataba,13.9833,44.3833,285.39,64,11,0.7,YE,1705002225
425,nikolayevsk-on-amure,53.1406,140.73,243.58,100,23,0.83,RU,1705002225
426,bandar abbas,27.1865,56.2808,289.14,77,0,2.06,IR,1705002225
427,tazacorte,28.629,-17.9293,296.01,36,0,8.75,ES,1705001667
428,hilton head island,32.2163,-80.7526,287.18,68,75,3.09,US,1705002119
429,lazaro cardenas,17.9583,-102.2,301.27,61,15,4.65,MX,1705002226
430,voss,60.623,6.4229,269.0,99,98,1.64,NO,1705002226
431,piti village,13.4626,144.6933,299.18,92,20,3.09,GU,1705002227
432,fortaleza,-3.7227,-38.5247,304.22,70,20,6.69,BR,1705002227
433,bizerte,37.2744,9.8739,285.15,94,40,4.63,TN,1705002227
434,san luis de la loma,17.2706,-100.8939,302.22,63,100,4.52,MX,1705002227
435,nenjiang,49.1833,125.2167,243.74,100,53,0.21,CN,1705002228
436,monte santo,-10.4378,-39.3328,302.92,46,89,2.75,BR,1705002228
437,lerwick,60.1545,-1.1494,279.15,70,100,6.14,GB,1705002228
438,kudahuvadhoo,2.6708,72.8944,301.08,79,100,6.9,MV,1705002228
439,novo aripuana,-5.1206,-60.3797,303.06,65,100,1.04,BR,1705002229
440,mar del plata,-38.0023,-57.5575,290.9,61,75,5.14,AR,1705001558
441,atar,20.5169,-13.0499,297.89,12,47,3.54,MR,1705002229
442,mount isa,-20.7333,139.5,297.02,88,100,3.6,AU,1705001718
443,beytussebap,37.5694,43.1681,273.67,98,100,2.08,TR,1705002229
444,lincoln city,44.9582,-124.0179,282.98,80,100,12.07,US,1705002046
445,tura,25.5198,90.2201,284.65,67,0,1.23,IN,1705002230
446,undurkhaan,47.3194,110.6556,254.45,93,7,1.03,MN,1705002230
447,awjilah,29.1081,21.2869,287.74,59,12,2.58,LY,1705002230
448,lashio,22.9333,97.75,282.5,83,72,0.76,MM,1705002231
449,yamada,39.4667,141.95,275.73,70,60,5.41,JP,1705002231
450,shimokizukuri,40.8061,140.3861,275.9,86,100,3.22,JP,1705002231
451,khandyga,62.6667,135.6,230.66,100,100,0.47,RU,1705002231
452,bamusso,4.4591,8.9027,301.05,77,66,2.33,CM,1705002231
453,luganville,-15.5333,167.1667,300.8,84,100,2.45,VU,1705002232
454,pisco,-13.7,-76.2167,300.18,61,0,5.66,PE,1705002232
455,murraysville,34.2957,-77.8475,288.12,41,0,3.6,US,1705002232
456,nchelenge,-9.3451,28.734,294.3,85,93,1.47,ZM,1705002232
457,isla mujeres,21.2311,-86.731,302.18,76,86,5.64,MX,1705002232
458,pasuquin,18.3328,120.6177,293.12,88,20,2.57,PH,1705002233
459,dakhla,23.6848,-15.958,295.16,43,97,1.03,EH,1705002233
460,malango,-2.9627,119.9001,293.49,94,100,1.19,ID,1705001680
461,tukrah,32.5341,20.5791,287.99,81,30,5.99,LY,1705002234
462,el calafate,-50.3408,-72.2768,289.03,56,100,5.01,AR,1705001671
463,djambala,-2.5447,14.7533,293.14,89,92,1.35,CG,1705002234
464,firmat,-33.4594,-61.4832,304.16,27,100,4.66,AR,1705002234
465,laguna,38.421,-121.4238,285.31,56,0,4.63,US,1705001681
466,alakurtti,66.9672,30.3491,253.66,100,97,2.13,RU,1705002235
467,bel ombre,-4.6167,55.4167,300.06,78,20,1.03,SC,1705002235
468,birzai,56.2,24.75,266.75,77,10,4.29,LT,1705002235
469,taoudenni,22.6783,-3.9836,295.12,9,46,4.53,ML,1705001709
470,daru,-9.0763,143.2092,299.71,85,100,0.33,PG,1705002236
471,road town,18.4167,-64.6167,300.2,83,40,4.12,VG,1705002120
472,okhotsk,59.3833,143.3,238.91,88,57,3.77,RU,1705001682
473,caleta de carquin,-11.0925,-77.6267,298.36,72,67,5.59,PE,1705002237
474,arraial do cabo,-22.9661,-42.0278,305.13,55,40,10.29,BR,1705001679
475,santa cruz de tenerife,28.4682,-16.2546,295.63,69,0,4.63,ES,1705002237
476,plesetsk,62.708,40.2916,255.86,97,100,2.15,RU,1705002237
477,cherdyn',60.403,56.4787,248.77,100,100,1.26,RU,1705002237
478,juneau,58.3019,-134.4197,262.15,37,20,6.17,US,1705002005
479,umm ruwaba,12.9061,31.2158,296.29,26,2,5.76,SD,1705002238
480,vilhena,-12.7406,-60.1458,300.27,74,40,5.66,BR,1705002238
481,nadi,-17.8,177.4167,299.15,83,40,1.54,FJ,1705002238
482,ontario,34.0633,-117.6509,289.07,39,20,5.14,US,1705002239
483,kayyerkan,69.3786,87.7439,257.76,71,100,3.07,RU,1705002239
484,guildford,51.2354,-0.5743,279.02,89,100,4.12,GB,1705002239
485,karpenisi,38.9167,21.7833,275.38,85,100,0.4,GR,1705002239
486,la libertad,-2.2333,-80.9,300.96,74,40,3.6,EC,1705002239
487,timbuktu,16.7735,-3.0074,300.39,9,100,4.35,ML,1705002240
488,thomasville,35.8826,-80.082,287.08,42,0,0.89,US,1705002240
489,chelakara,10.7,76.35,298.56,76,23,2.96,IN,1705002240
490,devrek,41.2192,31.9558,275.15,91,100,0.72,TR,1705002240
491,karatuzskoye,53.6072,92.8667,262.25,94,100,1.34,RU,1705002240
492,rabigh,22.7986,39.0349,297.2,59,52,5.94,SA,1705002241
493,ola,59.5833,151.2833,248.78,91,99,2.28,RU,1705002241
494,iquique,-20.2208,-70.1431,298.17,71,7,4.27,CL,1705002241
495,lakota,5.8528,-5.6883,298.18,86,25,1.91,CI,1705002241
496,lahad datu,5.0268,118.327,297.54,95,100,2.4,MY,1705002242
497,ulladulla,-35.35,150.4667,293.66,94,67,0.32,AU,1705002242
498,arno,60.1167,18.6333,272.47,97,80,2.17,SE,1705002242
499,bijie,27.3125,105.2942,280.77,92,100,1.16,CN,1705002242
500,ambon,-3.6954,128.1814,298.23,94,20,2.06,ID,1705002243
501,berdigestyakh,62.0989,126.6992,242.29,99,100,1.38,RU,1705001684
502,port augusta,-32.5,137.7667,299.11,35,0,2.68,AU,1705002243
503,nacozari viejo,30.4,-109.65,283.86,39,0,14.11,MX,1705002243
504,makassar,-5.14,119.4221,299.18,94,20,0.51,ID,1705002244
505,tezu,27.9167,96.1667,286.85,51,0,1.61,IN,1705002244
506,nyrob,60.733,56.7202,247.95,100,97,1.04,RU,1705002244
507,mangalia,43.8,28.5833,273.0,58,74,5.83,RO,1705002244
508,santiago,-33.4569,-70.6483,306.26,27,0,6.69,CL,1705002245
509,tindouf,27.6711,-8.1474,292.4,10,0,2.06,DZ,1705002245
510,dwarka,22.2394,68.9678,293.99,47,0,4.42,IN,1705002245
511,mexico,15.0646,120.7198,296.99,84,19,2.42,PH,1705001947
512,chegdomyn,51.1167,133.0167,239.41,99,24,1.02,RU,1705002246
513,najran,17.4924,44.1277,287.51,19,3,1.23,SA,1705001684
514,chupaca,-12.0667,-75.2833,290.79,53,96,2.89,PE,1705002246
515,casilda,-33.0442,-61.1681,304.52,28,100,4.39,AR,1705002246
516,tinajo,29.0788,-13.7081,292.64,68,0,1.03,ES,1705002246
517,marovoay,-16.1,46.6333,298.13,93,100,1.42,MG,1705002247
518,richards bay,-28.783,32.0377,296.81,97,64,2.86,ZA,1705002247
519,az zuwaytinah,30.9522,20.1202,288.94,68,0,4.76,LY,1705002247
520,yulinshi,38.2906,109.7494,269.73,42,0,0.73,CN,1705002248
521,motueka,-41.1333,173.0167,292.09,57,0,1.76,NZ,1705002248
522,touba,8.2833,-7.6833,304.14,28,84,1.29,CI,1705002248
523,maridi,4.9158,29.4742,298.23,31,71,2.06,SS,1705002248
524,tortoli,39.9256,9.6572,284.05,93,75,7.2,IT,1705002249
525,chernyshevsk,52.5243,117.0174,240.99,100,49,1.04,RU,1705002249
526,kerman,30.2832,57.0788,281.07,12,75,3.09,IR,1705002249
527,es castell,39.8795,4.2854,283.53,100,40,2.57,ES,1705002250
528,ipueiras,-7.0333,-40.45,295.91,86,96,2.32,BR,1705002250
529,callao,-12.0667,-77.15,299.31,65,0,7.2,PE,1705001708
530,nogliki,51.8333,143.1667,242.78,100,26,1.34,RU,1705002059
531,ocos,14.5094,-92.1933,308.25,61,11,4.92,GT,1705002251
532,ust'-kulom,61.6864,53.6902,246.81,94,70,2.98,RU,1705002251
533,katpur,21.05,71.7833,295.66,48,1,5.14,IN,1705002251
534,alamo,20.9167,-97.6833,299.95,49,100,1.53,MX,1705002251
535,wajir,1.7471,40.0573,303.96,33,26,3.97,KE,1705002252
536,kyabe,9.4515,18.9449,299.95,14,45,1.94,TD,1705002252
537,mesudiye,40.4625,37.7725,272.99,88,98,1.56,TR,1705002252
538,sierpc,52.8568,19.6691,271.95,82,11,5.66,PL,1705002252
539,bokoro,12.3807,17.0568,297.86,17,8,4.83,TD,1705002252
540,pingliang,35.5392,106.6861,275.09,26,1,1.27,CN,1705002253
541,illizi,26.4833,8.4667,289.04,14,47,0.93,DZ,1705001662
542,tommot,58.9564,126.2925,234.45,99,82,0.41,RU,1705002253
543,ghat,24.9647,10.1728,289.65,12,57,0.6,LY,1705002253
544,kyshtovka,56.555,76.6271,246.0,92,25,5.99,RU,1705002254
545,sikasso,10.9167,-7.0,302.44,13,60,1.73,ML,1705001732
546,patterson,37.4716,-121.1297,283.74,46,6,4.45,US,1705002254
547,joshimath,30.5667,79.5667,281.84,10,0,3.58,IN,1705002255
548,sorong,-0.8833,131.25,300.4,79,97,1.58,ID,1705002256
549,licheng,23.2955,113.8284,288.35,47,99,0.77,CN,1705002256
